#F:MAG_U;F:MAGERR_U;F:MAG_G;F:MAGERR_G;F:MAG_R;F:MAGERR_R;F:MAG_I;F:MAGERR_I;F:MAG_Z;F:MAGERR_Z;D:Z
25.726519,19.552591,22.076868,0.255727,20.398903,0.071594,19.655256,0.047912,19.206858,0.050984,0.449029
23.338934,2.168552,22.626482,0.424251,21.216665,0.152048,20.308680,0.087462,19.846399,0.091886,0.569242
23.327454,2.145746,22.013945,0.241328,20.302568,0.065515,19.663908,0.048296,19.306671,0.055893,0.336493
22.047224,0.659912,23.531860,0.976729,21.861320,0.275323,20.754959,0.131926,20.182640,0.125240,0.592887
22.629709,1.128445,22.078569,0.256129,21.226101,0.153375,20.460779,0.100614,20.133163,0.119661,0.719713
23.029222,1.630368,22.736254,0.469387,21.428534,0.184811,20.435715,0.098318,19.990417,0.104919,0.573035
23.290590,2.074114,22.865257,0.528607,21.125654,0.139822,20.284355,0.085524,19.910526,0.097476,0.484451
22.266792,0.807818,22.782427,0.489779,21.097965,0.136302,20.204664,0.079472,19.791842,0.087382,0.573912
22.979916,1.557984,22.818571,0.506359,21.732014,0.244411,21.183130,0.195703,20.957083,0.255577,0.568912
22.065662,0.671215,23.457912,0.912421,21.933105,0.294142,21.052475,0.173515,20.677439,0.197544,0.514636
22.261221,0.803683,23.481869,0.932777,21.613907,0.219219,20.582518,0.112552,20.088428,0.114831,0.517346
21.926292,0.590356,22.079237,0.256286,21.908083,0.287441,21.757013,0.332010,21.850882,0.582157,0.169695
22.466032,0.970531,22.844717,0.518700,21.078815,0.133919,20.102072,0.072306,19.645393,0.076356,0.517641
21.977421,0.618821,23.667967,1.107176,22.141151,0.356267,21.435829,0.246989,21.215778,0.324339,0.531493
23.350719,2.192219,22.700386,0.454134,21.003878,0.124987,20.142504,0.075050,19.677359,0.078638,0.515264
23.059206,1.676019,22.985149,0.590323,21.222086,0.152809,20.252092,0.083020,19.821266,0.089783,0.523471
22.746492,1.256590,25.148764,4.330472,21.572044,0.210927,20.567566,0.111013,20.120745,0.118300,0.505880
21.269520,0.387066,23.543533,1.144674,21.816242,0.274874,20.745525,0.121488,20.339247,0.123186,0.616789
20.769060,0.244119,21.194715,0.131569,20.875031,0.115518,20.813841,0.129378,21.268398,0.289882,0.430285
25.834581,25.930429,22.932541,0.652056,21.445812,0.195417,20.605209,0.106760,20.162262,0.104657,0.494861
22.431257,1.128446,22.744946,0.548589,21.773884,0.264357,20.806602,0.128518,20.468643,0.138777,0.616050
23.160072,2.208036,23.751682,1.386569,22.304895,0.431117,21.299381,0.202337,21.123983,0.253778,0.553740
22.256567,0.960737,22.607712,0.483452,21.608501,0.227006,20.699547,0.116451,20.265177,0.115062,0.631591
21.946842,0.722295,22.702496,0.527554,20.883854,0.116460,19.980999,0.060079,19.533833,0.058667,0.476589
22.749260,1.512451,23.124834,0.778399,21.519566,0.209153,20.404715,0.088758,19.941912,0.085433,0.621804
25.138229,13.654292,23.058008,0.731934,21.102917,0.142496,20.185837,0.072553,19.713039,0.069195,0.487653
21.291107,0.394839,22.095165,0.301533,20.699530,0.098276,19.816561,0.051635,19.332809,0.048751,0.531505
21.178406,0.355909,23.018326,0.705666,21.154922,0.149488,20.211210,0.074269,19.717381,0.069473,0.495966
21.517830,0.486530,22.922050,0.645787,21.276457,0.167194,20.561134,0.102513,20.053932,0.094718,0.438757
21.351906,0.417580,22.562572,0.463765,20.865868,0.114547,20.031725,0.062953,19.554638,0.059802,0.470173
21.887659,0.683976,23.552544,1.154213,21.488106,0.203180,20.301559,0.080714,19.776417,0.073355,0.578517
21.441492,0.453497,24.323906,2.348718,21.882925,0.292285,20.596367,0.105894,20.052881,0.094627,0.617394
21.155809,0.348579,21.700624,0.209661,21.937632,0.307390,21.921715,0.358929,21.987539,0.562182,0.176763
21.414759,0.442467,23.467968,1.067716,22.213350,0.396258,21.150959,0.176485,20.580149,0.153787,0.532081
21.984337,0.747674,21.966776,0.267904,20.712563,0.099463,20.090694,0.066466,19.682571,0.067281,0.487662
21.832813,0.650284,23.181587,0.820169,22.185648,0.386275,21.670473,0.284782,21.557806,0.378429,0.202954
21.997274,0.756637,22.610580,0.484731,21.309216,0.172315,20.452343,0.092739,19.902704,0.082403,0.489493
21.352682,0.417879,21.681019,0.205909,21.626110,0.230718,21.602024,0.267382,21.995340,0.566236,0.290210
22.684025,1.424255,23.479187,1.078807,22.092455,0.354503,20.632612,0.109489,20.001236,0.090231,0.676253
22.386686,1.083058,22.361551,0.385380,21.612370,0.227816,20.727930,0.119535,20.411938,0.131715,0.678386
26.195177,36.145000,23.018007,0.705459,22.058624,0.343627,21.095798,0.167742,20.747623,0.179437,0.644745
23.243359,2.384083,23.288038,0.904656,21.932407,0.305915,20.708048,0.117366,20.214945,0.109860,0.627231
24.212440,5.820409,22.191111,0.329392,20.430265,0.076691,19.726759,0.047536,19.336292,0.048908,0.394597
23.519464,3.074423,23.164572,0.807415,21.775970,0.264866,20.837610,0.132241,20.361290,0.125712,0.498446
21.494585,0.476225,22.318029,0.370237,21.695135,0.245862,20.707237,0.117278,20.332741,0.122450,0.730024
22.537491,1.244440,22.438957,0.413858,20.712442,0.099452,19.878605,0.054672,19.410576,0.052371,0.471947
23.951759,4.578055,23.300020,0.914696,21.801104,0.271068,20.599653,0.106215,20.091379,0.098042,0.718206
21.710627,0.581069,22.018286,0.280920,20.246977,0.064778,19.527727,0.039574,19.080978,0.038659,0.402692
21.620914,0.534987,22.825464,0.590819,21.405869,0.188358,20.110542,0.067692,19.546461,0.059354,0.676440
21.865858,0.670379,21.899029,0.251698,21.695377,0.245917,21.772709,0.312901,21.777159,0.463154,0.318280
23.568218,3.215619,22.575003,0.469105,21.719820,0.251516,21.319750,0.206169,21.206167,0.273734,0.204167
22.095798,0.828509,23.155226,0.800496,21.705482,0.248216,20.781456,0.125576,20.392015,0.129321,0.496686
21.535345,0.494442,21.902225,0.252440,20.607426,0.090283,19.798546,0.050786,19.234642,0.044537,0.468888
21.289192,0.394143,22.244478,0.345987,20.548325,0.085500,19.777096,0.049792,19.319532,0.048159,0.437170
24.745077,9.506234,22.595400,0.478001,21.097370,0.141770,20.084057,0.066061,19.585476,0.061525,0.536945
21.558777,0.505229,22.980293,0.681374,21.319761,0.173997,20.561762,0.102572,20.070555,0.096180,0.398972
22.242687,0.948534,22.757849,0.555148,21.746128,0.257685,20.581633,0.104466,20.122137,0.100859,0.641559
22.978800,1.868520,22.140829,0.314485,21.213312,0.157747,20.543533,0.100864,20.099264,0.098757,0.542593
22.487314,1.188238,22.160070,0.320108,20.481831,0.080421,19.662037,0.044786,19.203711,0.043286,0.468751
24.781105,9.826972,23.105766,0.764849,21.494682,0.204414,20.450804,0.092607,19.922455,0.083916,0.547610
21.904390,0.694598,22.745813,0.549027,21.408945,0.188893,20.426891,0.090590,20.012350,0.091159,0.521435
24.225746,5.892180,23.056692,0.731048,21.271227,0.166390,20.323736,0.082379,19.836676,0.077541,0.501364
26.244572,37.827393,22.367146,0.387371,21.515411,0.208354,20.679777,0.114350,20.294739,0.118238,0.717124
22.628094,1.352742,22.387114,0.394561,20.899336,0.118133,20.189043,0.072768,19.777464,0.073426,0.435711
22.412445,1.109062,22.368237,0.387760,20.730536,0.101123,19.994692,0.060842,19.582512,0.061357,0.435491
22.934013,1.793011,22.594370,0.477547,21.560631,0.217215,20.916304,0.142182,20.379696,0.127861,0.366938
21.843931,0.656977,23.021633,0.707818,21.452606,0.196644,20.410826,0.089259,19.867147,0.079748,0.546844
24.512749,7.674970,22.450777,0.418388,20.961348,0.125077,19.998653,0.061064,19.494055,0.056557,0.500873
21.811045,0.637376,22.807087,0.580903,21.191778,0.154649,20.338268,0.083489,19.917229,0.083513,0.547970
23.267561,2.437821,22.330812,0.374622,21.293161,0.169786,20.537489,0.100304,20.144043,0.102915,0.522188
22.221359,0.930083,21.784351,0.226469,19.944105,0.049009,19.264011,0.031040,18.828339,0.030634,0.365732
22.247553,0.952793,22.686399,0.519791,21.079918,0.139510,20.033478,0.063054,19.595619,0.062102,0.520014
22.679049,1.417740,22.659433,0.507039,21.014696,0.131376,20.149639,0.070175,19.774994,0.073259,0.475954
21.847466,0.659119,22.792343,0.573068,21.326511,0.175082,20.468992,0.094172,20.013052,0.091218,0.474262
21.630489,0.539726,22.479959,0.429786,21.152727,0.149186,20.206171,0.073925,19.744982,0.071261,0.561868
23.258993,2.418658,22.799475,0.576844,21.130438,0.146155,20.215384,0.074555,19.736242,0.070690,0.468628
23.211885,2.315965,24.037876,1.804758,22.588299,0.559702,21.160856,0.178101,20.620857,0.159663,0.668482
21.256140,0.382326,22.549871,0.458371,21.022924,0.132375,20.180696,0.072211,19.743624,0.071172,0.547727
22.568041,1.279952,23.293612,0.909313,21.362173,0.180928,20.260454,0.077715,19.778913,0.073524,0.589803
21.226357,0.371981,21.503092,0.174785,21.775738,0.264809,21.640265,0.276968,21.923759,0.530109,0.047836
23.403530,2.763053,23.493872,1.093496,21.791546,0.268693,20.580278,0.104336,20.062922,0.095506,0.681552
21.831501,0.649498,22.364996,0.386604,20.696215,0.097977,19.749731,0.048553,19.283649,0.046593,0.496919
22.963663,1.842648,22.377039,0.390917,20.737686,0.101792,19.808088,0.051234,19.348473,0.049460,0.494752
22.370239,1.066777,22.298401,0.363604,20.539360,0.084797,19.681801,0.045608,19.238489,0.044695,0.470012
22.651634,1.382392,22.954613,0.665447,21.227722,0.159855,20.331270,0.082953,19.878025,0.080551,0.481807
23.860365,4.208461,22.767065,0.559880,21.217144,0.158305,20.429003,0.090766,20.074717,0.096549,0.466680
24.478283,7.435168,22.921469,0.645441,21.255066,0.163932,20.467833,0.094071,20.082098,0.097208,0.470127
27.105034,83.558540,23.251490,0.874710,21.492113,0.203931,20.414597,0.089570,19.958591,0.086756,0.553784
24.011559,4.837281,22.699879,0.526284,21.006674,0.130409,20.045578,0.063761,19.598669,0.062277,0.510717
23.945860,4.553253,23.271643,0.891098,22.149031,0.373465,21.401369,0.222265,20.822506,0.192249,0.670111
22.389585,1.085956,24.185799,2.068178,22.029188,0.334436,20.873409,0.136674,20.356842,0.125198,0.648667
21.568317,0.509688,25.289927,5.717941,22.640207,0.587111,21.440346,0.230389,20.514738,0.144796,0.790071
24.295431,6.282758,22.966003,0.672466,21.296278,0.170274,20.151569,0.070299,19.630953,0.064157,0.674486
21.511404,0.483659,22.310993,0.367846,21.655317,0.237009,20.832863,0.131664,20.415413,0.132138,0.677762
24.095888,5.227966,22.246567,0.346653,21.072697,0.138585,20.242725,0.076456,19.800034,0.074968,0.534231
21.192581,0.360587,21.128048,0.123734,19.621962,0.036427,19.038401,0.025216,18.663996,0.026331,0.281376
22.923265,1.775350,22.592367,0.476668,20.901514,0.118370,20.107393,0.067496,19.516575,0.057742,0.441881
21.547991,0.500235,22.259649,0.350856,20.425102,0.076327,19.637011,0.043765,19.165026,0.041771,0.440826
21.685266,0.567655,22.697023,0.524902,20.929823,0.121497,20.125141,0.068609,19.636990,0.064515,0.464770
22.566635,1.278296,21.764803,0.222428,20.092316,0.056178,19.473701,0.037653,19.072559,0.038361,0.378951
21.435858,0.451150,22.137070,0.313398,20.725904,0.100693,19.806915,0.051179,19.292746,0.046985,0.530408
21.982708,0.746553,22.306545,0.366342,21.511580,0.207620,20.554216,0.101861,19.950418,0.086105,0.722320
23.472532,2.944357,22.418823,0.406255,21.479338,0.201545,20.528553,0.099482,19.953465,0.086347,0.648869
22.257708,0.961747,22.534298,0.451843,21.571659,0.219432,20.765829,0.123781,20.212376,0.109600,0.605428
22.098431,0.830520,22.603762,0.481696,21.735779,0.255240,20.920538,0.142738,20.389751,0.129051,0.653592
22.132181,0.856741,22.762320,0.557438,21.576159,0.220344,20.803089,0.128103,20.339989,0.123270,0.642858
21.741657,0.597916,22.800295,0.577280,21.972090,0.317302,21.695232,0.291351,21.388382,0.323753,0.500187
23.645485,3.452799,22.902555,0.634294,21.314764,0.173198,20.379269,0.086702,19.885878,0.081136,0.504106
23.219391,2.332028,23.131353,0.783087,21.256187,0.164101,20.144125,0.069819,19.552366,0.059677,0.544908
22.341188,1.038612,22.529581,0.449884,20.861483,0.114085,19.912613,0.056412,19.430035,0.053318,0.520541
22.224020,0.932364,23.571978,1.175059,22.074581,0.348714,21.078770,0.165132,20.543083,0.148626,0.587985
22.079792,0.816384,23.332687,0.942636,21.941055,0.308361,20.712259,0.117822,20.035316,0.093108,0.718015
21.650415,0.549723,21.967106,0.267985,20.972609,0.126381,20.231188,0.075648,19.729527,0.070254,0.570246
24.708286,9.189509,23.031948,0.714575,21.393129,0.186161,20.506727,0.097502,20.038410,0.093374,0.533026
22.304638,1.004229,23.772850,1.413868,22.314930,0.435120,21.440626,0.230448,21.030079,0.232752,0.532260
21.391958,0.433272,23.845087,1.511135,22.397223,0.469382,21.433546,0.228950,20.867485,0.200380,0.622271
25.138088,13.652516,23.739452,1.371038,22.029110,0.334412,20.914268,0.141916,20.318657,0.120872,0.568454
23.989746,4.741064,22.171535,0.323507,20.674519,0.096038,19.772608,0.049587,19.223375,0.044077,0.505283
20.560511,0.201457,21.548697,0.182284,20.992268,0.128690,20.147072,0.070009,19.612057,0.063050,0.769655
21.742405,0.598328,22.452496,0.419051,21.066589,0.137807,20.197039,0.073306,19.782719,0.073782,0.503217
26.177019,35.545521,23.164520,0.807378,22.055517,0.342645,21.188982,0.182775,20.626423,0.160484,0.563594
25.772129,24.481012,22.606554,0.482937,21.353842,0.179545,20.447960,0.092365,19.972883,0.087905,0.593038
23.114952,2.118157,22.827417,0.591883,21.316624,0.173495,20.652157,0.111477,20.196051,0.107965,0.439857
22.477537,1.177585,23.350939,0.958614,21.917480,0.301738,20.998751,0.153399,20.467321,0.138609,0.553861
21.441225,0.453385,22.091911,0.300630,21.007570,0.130516,20.262211,0.077841,19.728189,0.070168,0.502334
22.261450,0.965067,21.273277,0.141442,19.691210,0.038826,19.043165,0.025327,18.606400,0.024970,0.296820
21.973087,0.739968,20.925753,0.102700,19.524422,0.033297,18.889961,0.021994,18.402273,0.020690,0.298816
20.948917,0.288101,20.048769,0.045791,19.424440,0.030368,19.049770,0.025482,18.830032,0.030681,0.112278
24.670986,8.879164,23.250528,0.873936,21.380816,0.184062,20.327131,0.082637,19.753498,0.071823,0.509153
21.869875,0.672864,23.326288,0.937096,21.429358,0.192477,20.224632,0.075193,19.617445,0.063364,0.565619
22.561201,1.271915,23.164959,0.807704,21.614683,0.228303,20.466730,0.093976,19.841089,0.077857,0.619717
22.651720,1.382501,22.613125,0.485869,21.574034,0.219913,20.919611,0.142616,20.286383,0.117331,0.463040
22.086767,0.821645,21.669796,0.203792,20.220284,0.063205,19.580603,0.041549,19.129581,0.040429,0.385786
20.883419,0.271235,21.588030,0.189008,21.056274,0.136505,20.201988,0.073641,19.716269,0.069402,0.593011
22.738361,1.497347,22.297003,0.363136,20.813076,0.109111,19.893429,0.055424,19.423571,0.053002,0.540995
21.657040,0.553087,21.267305,0.140667,20.296745,0.067816,19.700262,0.046390,19.229656,0.044333,0.296051
23.084759,2.060066,22.485807,0.432108,21.212048,0.157564,20.284760,0.079474,19.701517,0.068465,0.533957
23.648243,3.461584,22.059967,0.291914,21.626720,0.230848,21.336309,0.209338,21.003252,0.227071,0.176434
22.758574,1.525483,23.001024,0.694509,21.444153,0.195119,20.342295,0.083800,19.853966,0.078786,0.666188
24.663721,8.819943,22.220543,0.338444,21.672337,0.240753,21.388664,0.219679,21.023808,0.231411,0.038332
21.969461,0.737501,21.686422,0.206937,20.121439,0.057705,19.553911,0.040540,19.197109,0.043023,0.359484
21.574200,0.512457,21.918554,0.256266,20.994474,0.128952,20.212093,0.074329,19.680075,0.067126,0.577612
22.748629,1.511574,21.999527,0.276108,21.446142,0.195476,20.820984,0.130232,20.740301,0.178230,0.589197
22.890930,1.723257,22.176432,0.324969,20.405283,0.074946,19.747496,0.048453,19.290365,0.046882,0.378310
23.476400,2.954863,22.600222,0.480128,20.916899,0.120060,20.232872,0.075766,19.817850,0.076208,0.445047
24.567123,8.069133,22.636662,0.496516,21.046009,0.135220,20.074463,0.065480,19.512085,0.057504,0.533218
23.114021,2.116342,23.625549,1.234492,22.254217,0.411457,21.098728,0.168196,20.473375,0.139384,0.672420
22.222511,0.931069,21.921118,0.256872,20.111506,0.057179,19.468473,0.037473,19.024031,0.036684,0.376354
21.958742,0.730255,23.186312,0.823746,21.658480,0.237700,20.742077,0.121103,20.380098,0.127909,0.554216
24.773993,9.762795,22.300447,0.364290,21.352869,0.179385,20.602018,0.106446,20.277657,0.116392,0.553158
23.510698,3.049700,25.512714,7.020281,23.088634,0.887341,21.792591,0.318684,21.204956,0.273429,0.704942
24.200455,5.756507,23.129051,0.781428,21.319250,0.173915,20.338703,0.083523,19.908659,0.082856,0.470536
22.754057,1.519148,20.888184,0.099207,19.352858,0.028430,18.720081,0.018809,18.286911,0.018605,0.205006
23.765242,3.855445,23.343639,0.952191,21.547659,0.214635,20.543911,0.100899,19.989779,0.089284,0.563088
23.439508,2.856150,22.684774,0.519013,20.855564,0.113465,20.064142,0.064861,19.564541,0.060350,0.475307
24.250526,6.028204,22.774246,0.563595,21.354422,0.179641,20.603180,0.106560,20.028471,0.092523,0.531521
22.963200,1.841862,22.934439,0.653196,21.056072,0.136479,20.196962,0.073301,19.726461,0.070056,0.472672
24.218187,5.851299,23.603956,1.210183,21.927588,0.304560,20.965864,0.148823,20.446131,0.135929,0.533181
24.339066,6.540397,23.119410,0.774520,21.467028,0.199273,20.377043,0.086525,19.822809,0.076557,0.604866
23.563799,3.202558,22.381458,0.392511,20.841684,0.112024,20.069897,0.065205,19.595783,0.062112,0.472603
23.459589,2.909466,22.358116,0.384163,20.496397,0.081507,19.629705,0.043472,19.103544,0.039471,0.458829
21.934460,0.714104,21.979328,0.271019,20.312840,0.068829,19.672010,0.045199,19.217323,0.043832,0.389406
23.102560,2.094122,22.928953,0.649905,21.328899,0.175468,20.269926,0.078396,19.790688,0.074325,0.535672
23.305017,2.523390,22.953978,0.665058,22.442585,0.489408,22.066702,0.410208,21.855146,0.497646,0.095448
23.261690,2.424677,22.538788,0.453716,21.109852,0.143410,20.483192,0.095411,19.951954,0.086227,0.459068
23.628328,3.398666,23.139008,0.788627,21.565264,0.218144,20.465990,0.093912,19.927637,0.084317,0.590065
22.713982,1.464099,21.999996,0.276228,20.205612,0.062357,19.350674,0.033620,18.917244,0.033247,0.470255
22.658512,1.391177,22.621185,0.489489,21.227331,0.159797,20.279205,0.079069,19.866638,0.079711,0.534702
23.742151,3.774317,22.313545,0.368712,20.569342,0.087171,19.789785,0.050378,19.328310,0.048550,0.460164
23.144035,2.175663,22.932127,0.651807,20.987822,0.128164,20.280161,0.079138,19.865734,0.079644,0.395685
28.349060,262.785492,24.174244,2.046286,21.917084,0.301627,20.574415,0.103774,20.010014,0.090964,0.696493
23.577312,3.242666,23.135841,0.786330,21.278799,0.167555,20.250584,0.077012,19.778444,0.073492,0.534535
24.035715,4.946105,22.799335,0.576770,20.928606,0.121361,19.927345,0.057182,19.420385,0.052846,0.517447
22.813107,1.604058,23.704363,1.327438,22.898556,0.744834,22.333191,0.524325,21.933975,0.535121,0.642762
22.543026,1.250801,24.275505,2.246315,22.666410,0.601452,21.434008,0.229048,20.873463,0.201487,0.672931
22.774918,1.548619,22.817488,0.586494,21.327774,0.175286,20.438877,0.091595,20.018234,0.091655,0.523875
24.118130,5.336165,21.227829,0.135644,19.511454,0.032902,18.892300,0.022042,18.512812,0.022908,0.300905
23.034342,1.966591,22.073799,0.295657,20.224554,0.063454,19.531820,0.039724,19.126753,0.040324,0.397445
23.707266,3.654969,22.319328,0.370681,21.215992,0.158137,20.280613,0.079171,19.932846,0.084723,0.660102
23.083445,2.057572,23.106016,0.765025,21.151800,0.149059,20.178087,0.072037,19.773127,0.073133,0.478714
22.648376,1.378251,23.080217,0.747060,21.207281,0.156873,20.334787,0.083222,19.854506,0.078825,0.473710
24.134975,5.419606,22.692671,0.522802,20.776333,0.105480,19.878489,0.054666,19.397524,0.051745,0.472300
22.965145,1.845166,23.100899,0.761427,22.089037,0.353388,20.993156,0.152611,20.527010,0.146442,0.708231
23.307571,2.529333,23.180233,0.819147,21.673798,0.241077,20.783068,0.125762,20.274868,0.116094,0.547232
21.910303,0.698391,23.026184,0.710792,21.504835,0.206334,20.922218,0.142959,20.298534,0.118652,0.459987
23.111328,2.111099,24.200750,2.096858,22.381968,0.462833,21.508501,0.245315,21.062695,0.239850,0.461071
23.923967,4.462355,23.612272,1.219489,21.950697,0.311111,20.825451,0.130769,20.176697,0.106057,0.626980
23.427296,2.824204,24.070318,1.859500,22.263351,0.414933,21.079502,0.165243,20.305445,0.119410,0.778206
22.844818,1.651601,25.728745,8.565767,23.167585,0.954271,22.007404,0.388406,21.531370,0.369326,0.681847
23.464373,2.922314,23.052156,0.728000,21.413034,0.189605,20.640713,0.110308,20.170334,0.105437,0.461679
22.764708,1.534123,21.973253,0.269507,20.212004,0.062725,19.531248,0.039703,19.136471,0.040686,0.395940
21.824888,0.645554,21.923813,0.257510,21.266483,0.165665,20.359386,0.085129,19.960299,0.086892,0.585138
22.872881,1.694844,21.999584,0.276123,20.951097,0.123902,19.918900,0.056739,19.471983,0.055419,0.584985
22.739767,1.499286,23.207968,0.840341,21.549034,0.214907,20.430746,0.090912,19.942984,0.085517,0.557907
24.368639,6.720983,22.590244,0.475736,20.805145,0.108317,19.920973,0.056848,19.439005,0.053761,0.461481
21.725616,0.589147,22.633940,0.495273,21.827579,0.277759,21.056515,0.161782,20.904736,0.207375,0.645144
23.562510,3.198757,22.555910,0.460928,20.852907,0.113188,19.997849,0.061019,19.567867,0.060535,0.554342
22.581711,1.296170,22.748703,0.550491,20.952238,0.124032,20.112885,0.067839,19.657896,0.065769,0.449819
23.754498,3.817477,22.282032,0.358164,20.498472,0.081663,19.658302,0.044632,19.129402,0.040422,0.453148
22.728954,1.484429,23.158899,0.803208,22.008678,0.328177,20.814663,0.129476,20.301178,0.118941,0.644215
22.544960,1.253030,22.250965,0.348060,21.173410,0.152055,20.436476,0.091393,20.002113,0.090304,0.537319
22.868843,1.688553,22.521009,0.446347,20.848408,0.112720,20.080389,0.065838,19.619144,0.063463,0.465831
23.189741,2.269205,23.556295,1.158209,21.865038,0.287510,20.897263,0.139710,20.426157,0.133452,0.546161
23.963844,4.629302,23.588078,1.192613,22.018179,0.331062,20.760756,0.123204,20.428326,0.133719,0.585085
22.802437,1.588372,22.782587,0.567941,21.486948,0.202963,20.413643,0.089491,19.944288,0.085620,0.589069
23.136189,2.159995,21.826845,0.235508,20.749296,0.102886,20.042448,0.063577,19.629890,0.064094,0.440710
23.744345,3.781944,23.075109,0.743554,21.232904,0.160620,20.111137,0.067730,19.632864,0.064270,0.536172
22.091808,0.825470,21.867020,0.244386,21.141788,0.147691,20.200285,0.073525,19.715321,0.069341,0.541162
22.532627,1.238878,22.480278,0.429912,21.652636,0.236424,20.529070,0.099529,19.872112,0.080114,0.796384
24.204018,5.775429,23.169584,0.811152,21.326248,0.175040,20.144741,0.069859,19.626091,0.063870,0.555121
29.562935,803.806580,23.058474,0.732247,21.393593,0.186240,20.356440,0.084898,19.873642,0.080227,0.552313
23.253735,2.406973,22.388584,0.395096,21.959452,0.313630,21.047352,0.160422,20.650839,0.164134,0.586452
22.015610,0.769522,23.282663,0.900190,21.405098,0.188225,20.215891,0.074590,19.673559,0.066725,0.586909
24.016674,4.860120,22.619471,0.488717,20.973499,0.126484,20.131971,0.069042,19.630678,0.064141,0.459149
22.294640,0.995023,23.046648,0.724316,21.525333,0.210267,20.403177,0.088633,19.880417,0.080729,0.625579
23.316204,2.549524,22.876213,0.619090,21.440289,0.194425,20.443321,0.091971,19.963480,0.087147,0.556132
25.703465,22.980707,22.791367,0.572552,21.263094,0.165148,20.306269,0.081064,19.824203,0.076655,0.550432
22.798130,1.582085,23.900776,1.590665,21.895548,0.295704,20.624968,0.108720,20.129429,0.101539,0.641448
22.174967,0.891178,22.196566,0.331051,20.494743,0.081383,19.696442,0.046227,19.269222,0.045978,0.463201
22.488245,1.189255,22.762352,0.557454,21.554695,0.216031,20.584463,0.104739,20.098572,0.098694,0.518603
23.210884,2.313827,22.761471,0.557003,21.628870,0.231305,20.927286,0.143628,20.807119,0.189544,0.584982
23.215242,2.323137,23.273600,0.892705,21.359840,0.180540,20.191793,0.072953,19.656305,0.065673,0.612779
27.200100,91.204803,23.309345,0.922586,21.522198,0.209660,20.682257,0.114611,20.148151,0.103305,0.534768
22.493439,1.194960,22.252497,0.348552,20.464077,0.079117,19.777445,0.049808,19.248621,0.045114,0.375810
22.869844,1.690111,23.371740,0.977158,21.896269,0.295900,20.862617,0.135323,20.275812,0.116195,0.652853
22.427317,1.124358,21.644653,0.199127,19.789387,0.042500,19.196989,0.029182,18.796322,0.029743,0.323055
23.540384,3.134233,22.809780,0.582346,20.924704,0.120926,20.067133,0.065039,19.585491,0.061526,0.476817
24.660591,8.794559,22.869265,0.615141,21.213434,0.157765,20.410589,0.089240,19.884573,0.081038,0.475594
23.296133,2.502828,23.683161,1.301767,21.994303,0.323861,20.692240,0.115670,20.065039,0.095692,0.679020
23.219990,2.333315,22.876276,0.619126,21.729336,0.253730,20.941622,0.145537,20.485266,0.140918,0.540776
23.954830,4.591025,22.137272,0.313457,20.420338,0.075993,19.542986,0.040134,19.054729,0.037736,0.498742
23.428673,2.827789,21.537094,0.180346,19.847673,0.044844,19.249281,0.030622,18.832048,0.030738,0.304712
23.696861,3.620114,23.165155,0.807850,21.481380,0.201925,20.422306,0.090208,19.896992,0.081971,0.556616
23.352972,2.637342,23.643705,1.255310,21.925850,0.304073,20.996454,0.153075,20.420036,0.132702,0.554069
22.215965,0.925472,22.549107,0.458048,21.611361,0.227605,20.879040,0.137385,20.392342,0.129360,0.556054
23.592588,3.288616,22.443651,0.415651,20.580936,0.088107,19.705151,0.046600,19.143383,0.040946,0.463730
22.098507,0.830577,22.914879,0.641535,21.420670,0.190944,20.528994,0.099522,19.976412,0.088191,0.530992
22.445827,1.143690,22.587769,0.474653,21.366728,0.181689,20.596241,0.105882,20.093769,0.098258,0.557032
22.772923,1.545776,23.387093,0.991073,21.573942,0.219894,20.579147,0.104228,19.965580,0.087316,0.518757
24.198221,5.744687,22.683962,0.518625,20.797251,0.107532,19.938143,0.057754,19.451138,0.054365,0.478669
22.755756,1.521527,22.909698,0.638481,21.640965,0.233896,20.790277,0.126600,20.288195,0.117527,0.583646
22.577419,1.291057,22.167131,0.322197,20.308561,0.068559,19.467680,0.037445,19.019463,0.036530,0.469655
26.222031,37.050129,22.796368,0.575196,21.253700,0.163726,20.038258,0.063332,19.518810,0.057861,0.523793
23.366688,2.670868,22.977509,0.679630,21.742817,0.256900,20.915417,0.142066,20.339432,0.123207,0.499179
23.339409,2.604602,22.794222,0.574061,21.090580,0.140886,20.072548,0.065365,19.529049,0.058409,0.525145
23.290466,2.489800,23.013346,0.702437,21.656420,0.237249,20.780825,0.125503,20.187372,0.107105,0.530467
22.754946,1.520394,22.412949,0.404062,20.729820,0.101057,19.944725,0.058105,19.465618,0.055095,0.527144
21.995417,0.755342,22.613272,0.485934,20.993246,0.128806,20.105337,0.067369,19.651632,0.065390,0.515816
23.449020,2.881283,23.421007,1.022519,21.750788,0.258793,20.857683,0.134709,20.312157,0.120150,0.515345
24.494024,7.543756,22.081379,0.297728,20.253555,0.065172,19.625116,0.043288,19.178024,0.042274,0.363495
22.346998,1.044183,22.520359,0.446079,20.906115,0.118873,20.162468,0.071008,19.648581,0.065207,0.437198
23.100756,2.090642,23.364317,0.970501,21.469193,0.199671,20.351944,0.084548,19.802462,0.075136,0.584439
23.540020,3.133182,22.084822,0.298674,20.567230,0.087002,20.017124,0.062112,19.607082,0.062762,0.306493
22.258471,0.962423,24.297787,2.292890,22.307814,0.432278,21.079010,0.165168,20.376434,0.127478,0.674249
24.985598,11.863612,22.545879,0.456689,20.808401,0.108642,19.982698,0.060173,19.486298,0.056154,0.469236
22.333040,1.030846,22.695469,0.524150,21.177937,0.152691,20.231995,0.075704,19.727484,0.070122,0.565539
22.344725,1.042000,22.818373,0.586973,21.313288,0.172963,20.213169,0.074403,19.658018,0.065776,0.829587
22.202791,0.914310,22.641872,0.498904,21.433285,0.193175,20.720627,0.118734,20.283396,0.117009,0.562205
22.793480,1.575324,21.620592,0.194763,20.050774,0.054069,19.424231,0.035976,19.003719,0.036004,0.358925
23.218864,2.330897,23.579821,1.183579,21.656250,0.237212,20.410219,0.089209,19.876804,0.080461,0.625818
25.013763,12.175400,21.906944,0.253540,20.168402,0.060256,19.529587,0.039642,19.123575,0.040206,0.362317
23.701952,3.637126,23.642746,1.254200,22.023771,0.332771,20.706322,0.117180,20.032824,0.092895,0.676788
21.669863,0.559658,22.310534,0.367690,21.450548,0.196271,20.644245,0.110668,20.251722,0.113645,0.676274
22.897230,1.733285,22.352209,0.382079,21.144512,0.148061,20.510288,0.097822,20.015661,0.091438,0.499783
22.563982,1.275176,22.985437,0.684611,21.508043,0.206945,20.730295,0.119796,20.290115,0.117736,0.465873
22.918501,1.767574,22.152117,0.317772,20.699547,0.098278,19.979975,0.060022,19.563515,0.060293,0.440089
22.830305,1.629670,22.128433,0.310915,20.334890,0.070241,19.661547,0.044765,19.238409,0.044692,0.395466
22.764616,1.533995,22.727114,0.539653,20.990305,0.128457,20.141415,0.069645,19.682892,0.067301,0.498342
22.268991,0.971793,22.258654,0.350534,20.770576,0.104922,19.993481,0.060774,19.696857,0.068172,0.534640
22.492958,1.194430,23.112602,0.769679,21.365820,0.181537,20.513357,0.098099,20.169641,0.105370,0.477445
22.941380,1.805217,21.823278,0.234736,21.572279,0.219558,21.512424,0.246203,21.807674,0.476355,0.046826
23.230890,2.356860,22.367830,0.387615,21.843199,0.281784,21.748693,0.306056,22.890728,1.291673,0.303158
21.374010,0.426169,20.933064,0.103394,21.212656,0.157652,20.866831,0.135849,21.299854,0.298403,0.061112
23.944954,3.809463,22.893412,0.754915,21.519165,0.250701,20.288452,0.100451,19.736151,0.084894,0.618850
23.442917,2.399103,23.162310,0.967070,21.724180,0.302805,20.318184,0.103240,19.535711,0.070583,0.744936
24.744217,7.953697,22.397154,0.477964,21.075121,0.166548,20.340679,0.105401,19.917997,0.100372,0.609385
25.229252,12.433219,22.354603,0.459594,20.689089,0.116715,19.886950,0.069399,19.383699,0.061361,0.490798
23.342346,2.186859,22.773491,0.675975,20.834604,0.133454,19.875921,0.068698,19.365715,0.060353,0.475986
22.593008,1.096696,22.227545,0.408838,21.917297,0.361751,21.952372,0.465074,22.695213,1.295686,0.315386
22.238697,0.791336,22.728111,0.648304,20.711996,0.119204,19.753506,0.061373,19.264576,0.054985,0.479233
23.930534,3.759207,23.737051,1.641928,22.399120,0.563818,21.187241,0.229863,20.532017,0.176694,0.637970
22.963612,1.542863,22.773422,0.675932,21.224478,0.191109,20.421772,0.113575,19.977327,0.106010,0.443661
23.395817,2.297256,21.091185,0.143551,19.206654,0.029796,18.502472,0.019389,18.031834,0.017666,0.316370
26.655230,46.235332,22.794687,0.689301,20.699604,0.117851,19.732328,0.060187,19.267637,0.055140,0.471350
22.388100,0.908076,22.694311,0.628432,22.068350,0.415748,21.781820,0.397468,21.744556,0.539805,0.215282
24.098618,4.388638,22.962074,0.804200,21.014334,0.157480,19.697973,0.058313,19.025665,0.044125,0.601150
23.875957,3.574911,24.226921,2.578116,22.556305,0.651648,21.291908,0.253126,20.710690,0.208301,0.576771
23.934856,3.774200,23.069675,0.887982,22.120024,0.436014,20.908318,0.177787,20.229012,0.133665,0.639696
22.098141,0.695246,21.459637,0.201553,20.557934,0.103434,19.784920,0.063174,19.303411,0.056987,0.503448
24.144146,4.576578,22.528082,0.539221,20.438663,0.092674,19.392473,0.044011,18.775566,0.035046,0.478558
22.824543,1.357374,22.375399,0.468482,21.126600,0.174635,20.323912,0.103786,19.774939,0.087981,0.471305
26.226534,31.152727,22.293406,0.434406,20.494959,0.097605,19.720963,0.059561,19.207199,0.052155,0.319592
24.073519,4.288348,24.373688,2.951270,23.737482,1.934122,22.632618,0.870203,22.406107,0.992789,0.746398
25.386099,14.365545,21.322998,0.177719,19.449110,0.037251,18.713419,0.023547,18.205317,0.020727,0.316708
24.785484,8.261825,21.627838,0.235326,20.560392,0.103669,19.905247,0.070578,19.579403,0.073481,0.151057
23.579168,2.719881,23.436934,1.245396,21.938524,0.368893,21.226040,0.238226,20.660547,0.198899,0.515347
23.016354,1.619661,21.935526,0.312424,19.909414,0.056919,19.105536,0.033790,18.537968,0.028158,0.388054
23.513424,2.560074,22.907505,0.764779,20.783623,0.127333,19.727015,0.059893,19.145670,0.049281,0.506504
24.448874,6.059436,22.287998,0.432248,20.537798,0.101534,19.756706,0.061554,19.128683,0.048516,0.426779
23.563755,2.681542,23.198256,0.999623,21.136658,0.176260,19.840248,0.066477,19.259398,0.054723,0.600406
23.939518,3.790440,23.435516,1.243771,22.310728,0.519735,20.988697,0.191448,20.367451,0.151843,0.790534
22.793552,1.319179,23.267710,1.065657,21.662830,0.286169,20.447792,0.116330,19.756721,0.086517,0.617557
25.503218,16.001831,24.030272,2.151008,23.874743,2.194762,24.071844,3.275752,25.089596,11.755821,0.182773
24.837709,8.668947,24.243708,2.618284,22.933815,0.922608,21.732639,0.379864,21.090008,0.295405,0.684901
22.815741,1.346413,22.788099,0.685131,21.302019,0.205257,20.363335,0.107623,19.787460,0.089002,0.546544
21.996843,0.633315,21.390221,0.189070,19.797974,0.051367,18.946468,0.029185,18.377094,0.024280,0.450609
23.156519,1.842851,22.894850,0.755917,21.039650,0.161195,20.147268,0.088202,19.452391,0.065369,0.448284
24.680618,7.501182,23.012379,0.842336,21.316189,0.207954,20.102640,0.084650,19.544558,0.071160,0.550075
23.644768,2.889277,22.406023,0.481885,20.430265,0.091960,19.244471,0.038403,18.621056,0.030397,0.514540
23.626850,2.841992,21.430826,0.196275,19.406670,0.035823,18.668335,0.022590,18.162706,0.019930,0.358905
23.438522,2.389412,22.738392,0.654471,20.983561,0.153079,20.140474,0.087652,19.544132,0.071132,0.473832
22.733435,1.248120,22.492939,0.522047,20.638309,0.111382,19.755205,0.061469,19.213657,0.052466,0.449750
25.762932,20.326174,22.032967,0.341760,20.202824,0.074580,19.364796,0.042903,18.834965,0.037017,0.449202
24.347689,5.520240,23.543251,1.373518,22.005007,0.392188,20.978836,0.189718,20.362486,0.151150,0.580140
23.167753,1.862017,21.813704,0.279264,19.905687,0.056724,19.049749,0.032098,18.435740,0.025628,0.317500
22.714722,1.226794,22.165934,0.386284,21.912670,0.360213,21.399937,0.279607,21.034117,0.280583,0.589503
23.622911,2.831701,22.874693,0.742012,21.270061,0.199304,20.308260,0.102300,19.621304,0.076372,0.469349
24.680422,7.499825,22.318853,0.444709,20.406584,0.089976,19.417200,0.045025,18.798666,0.035800,0.469008
22.505520,1.011791,21.328150,0.178564,19.754196,0.049337,19.081703,0.033056,18.546333,0.028376,0.262813
23.646051,2.892696,22.284807,0.430979,22.181927,0.461596,22.274067,0.625460,21.922102,0.635704,0.035622
